Product_ID,Warehouse_ID,Supplier_Name,Stock_Available,Reorder_Level,Lead_Time_Days,Unit_Cost,Inventory_Value,Lead_time_outliers,stock outlier
P0001,W02,Supplier 1,123,80,14,2362,290526,Normal,Normal
P0002,W03,Supplier 18,76,89,18,2150,163400,Normal,Normal
P0003,W02,Supplier 1,220,99,14,1063,233860,Normal,Normal
P0004,W01,Supplier 14,445,85,16,1607,715115,Normal,Normal
P0005,W03,Supplier 9,130,60,11,2163,281190,Normal,Normal
P0006,W04,Supplier 11,271,96,11,2503,678313,Normal,Normal
P0007,W01,Supplier 7,188,44,20,1503,282564,Normal,Normal
P0008,W02,Supplier 16,83,26,8,236,19588,Normal,Normal
P0009,W01,Supplier 11,492,88,14,2533,1246236,Normal,Outlier
P0010,W03,Supplier 15,181,43,7,173,31313,Normal,Normal
P0011,W05,Supplier 9,403,71,14,2285,920855,Normal,Normal
P0012,W03,Supplier 4,136,56,8,1833,249288,Normal,Normal
P0013,W02,Supplier 13,371,49,16,2345,869995,Normal,Normal
P0014,W05,Supplier 3,34,61,9,1140,38760,Normal,Normal
P0015,W02,Supplier 10,206,63,13,2922,601932,Normal,Normal
P0016,W03,Supplier 2,322,47,13,2695,867790,Normal,Normal
P0017,W03,Supplier 10,219,55,8,1441,315579,Normal,Normal
P0018,W02,Supplier 10,110,65,10,1322,145420,Normal,Normal
P0019,W01,Supplier 10,314,86,14,986,309604,Normal,Normal
P0020,W03,Supplier 9,114,30,19,1513,172482,Normal,Normal
P0021,W03,Supplier 16,409,20,7,886,362374,Normal,Normal
P0022,W04,Supplier 10,221,24,8,905,200005,Normal,Normal
P0023,W05,Supplier 14,285,73,11,1696,483360,Normal,Normal
P0024,W05,Supplier 15,316,25,19,1322,417752,Normal,Normal
P0025,W02,Supplier 5,328,95,17,2203,722584,Normal,Normal
P0026,W01,Unknown Supplier,143,70,14,348,49764,Normal,Normal
P0027,W05,Supplier 15,196,33,5,869,170324,Normal,Normal
P0028,W01,Supplier 17,57,44,7,1621,92397,Normal,Normal
P0029,W02,Supplier 10,309,93,10,2747,848823,Normal,Normal
P0030,W05,Supplier 16,235,25,19,1520,357200,Normal,Normal
P0031,W05,Supplier 5,57,95,17,1172,66804,Normal,Normal
P0032,W04,Supplier 11,489,63,8,1613,788757,Normal,Outlier
P0033,W03,Supplier 16,255,71,5,1546,394230,Normal,Normal
P0034,W02,Supplier 8,84,63,6,1844,154896,Normal,Normal
P0035,W03,Supplier 13,464,89,8,259,120176,Normal,Outlier
P0036,W02,Supplier 16,50,78,12,350,17500,Normal,Normal
P0037,W04,Supplier 3,390,95,10,2810,1095900,Normal,Normal
P0038,W03,Unknown Supplier,289,21,4,363,104907,Normal,Normal
P0039,W01,Supplier 10,293,77,6,1095,320835,Normal,Normal
P0040,W05,Supplier 1,42,27,12,2415,101430,Normal,Normal
P0041,W02,Supplier 19,79,66,18,2651,209429,Normal,Normal
P0042,W03,Supplier 19,436,38,18,2113,921268,Normal,Normal
P0043,W04,Supplier 7,262,65,10,2102,550724,Normal,Normal
P0044,W02,Supplier 5,250,98,7,911,227750,Normal,Normal
P0045,W01,Unknown Supplier,35,80,19,1058,37030,Normal,Normal
P0046,W05,Supplier 5,243,67,17,1001,243243,Normal,Normal
P0047,W04,Supplier 14,442,80,15,1024,452608,Normal,Normal
P0048,W03,Supplier 5,110,81,9,191,21010,Normal,Normal
P0049,W05,Supplier 2,462,32,11,2531,1169322,Normal,Outlier
P0050,W04,Supplier 8,165,71,4,1747,288255,Normal,Normal
P0051,W03,Supplier 4,433,69,17,355,153715,Normal,Normal
P0052,W01,Supplier 3,457,46,7,2459,1123763,Normal,Outlier
P0053,W04,Supplier 1,364,47,11,2504,911456,Normal,Normal
P0054,W03,Supplier 14,220,27,14,297,65340,Normal,Normal
P0055,W02,Unknown Supplier,454,42,19,291,132114,Normal,Outlier
P0056,W01,Supplier 1,240,62,3,1853,444720,Normal,Normal
P0057,W03,Supplier 6,486,40,9,1303,633258,Normal,Outlier
P0058,W02,Supplier 19,388,63,9,993,385284,Normal,Normal
P0059,W03,Supplier 2,470,20,18,1234,579980,Normal,Outlier
P0060,W02,Supplier 9,372,97,13,1996,742512,Normal,Normal
P0061,W05,Supplier 9,386,64,9,1190,459340,Normal,Normal
P0062,W03,Supplier 6,446,65,17,768,342528,Normal,Normal
P0063,W04,Unknown Supplier,431,34,10,2222,957682,Normal,Normal
P0064,W01,Supplier 19,409,98,16,2930,1198370,Normal,Normal
P0065,W03,Supplier 19,400,88,11,2773,1109200,Normal,Normal
P0066,W01,Supplier 14,469,63,4,2869,1345561,Normal,Outlier
P0067,W01,Supplier 13,64,87,18,654,41856,Normal,Normal
P0068,W05,Supplier 5,57,91,2,306,17442,Normal,Normal
P0069,W01,Unknown Supplier,28,61,16,1471,41188,Normal,Normal
P0070,W03,Supplier 15,331,70,14,729,241299,Normal,Normal
P0071,W04,Supplier 16,259,57,10,1618,419062,Normal,Normal
P0072,W01,Supplier 2,39,74,17,2286,89154,Normal,Normal
P0073,W04,Supplier 13,499,33,8,2581,1287919,Normal,Outlier
P0074,W01,Supplier 4,251,37,13,429,107679,Normal,Normal
P0075,W04,Supplier 18,209,85,14,1661,347149,Normal,Normal
P0076,W04,Supplier 15,194,45,15,1635,317190,Normal,Normal
P0077,W01,Supplier 16,293,38,11,2437,714041,Normal,Normal
P0078,W02,Supplier 3,460,76,19,2495,1147700,Normal,Outlier
P0079,W02,Supplier 9,261,54,19,499,130239,Normal,Normal
P0080,W05,Unknown Supplier,109,78,7,2747,299423,Normal,Normal
P0081,W01,Supplier 18,409,59,10,122,49898,Normal,Normal
P0082,W02,Supplier 8,314,49,16,536,168304,Normal,Normal
P0083,W02,Supplier 9,407,61,18,1037,422059,Normal,Normal
P0084,W01,Supplier 16,337,56,3,2890,973930,Normal,Normal
P0085,W03,Supplier 6,372,28,17,2061,766692,Normal,Normal
P0086,W04,Supplier 13,203,21,3,1594,323582,Normal,Normal
P0087,W03,Supplier 2,391,33,17,385,150535,Normal,Normal
P0088,W04,Supplier 13,235,66,5,1029,241815,Normal,Normal
P0089,W01,Supplier 3,66,76,15,1391,91806,Normal,Normal
P0090,W04,Unknown Supplier,220,51,13,2294,504680,Normal,Normal
P0091,W05,Supplier 4,58,30,15,628,36424,Normal,Normal
P0092,W02,Supplier 1,452,36,14,2835,1281420,Normal,Outlier
P0093,W01,Supplier 6,478,32,17,2174,1039172,Normal,Outlier
P0094,W01,Unknown Supplier,22,44,7,1564,34408,Normal,Normal
P0095,W05,Supplier 13,29,41,4,1573,45617,Normal,Normal
P0096,W04,Supplier 2,162,86,10,537,86994,Normal,Normal
P0097,W02,Supplier 11,456,61,20,931,424536,Normal,Outlier
P0098,W02,Supplier 12,408,65,19,1250,510000,Normal,Normal
P0099,W03,Supplier 8,315,96,5,1474,464310,Normal,Normal
P0100,W03,Supplier 18,403,42,6,1077,434031,Normal,Normal
P0101,W01,Supplier 5,132,57,15,2532,334224,Normal,Normal
P0102,W03,Supplier 6,194,34,2,1836,356184,Normal,Normal
P0103,W01,Supplier 17,337,20,6,2413,813181,Normal,Normal
P0104,W03,Supplier 13,442,97,7,390,172380,Normal,Normal
P0105,W03,Supplier 12,229,34,3,497,113813,Normal,Normal
P0106,W04,Supplier 12,260,50,14,1197,311220,Normal,Normal
P0107,W02,Supplier 9,31,63,16,2928,90768,Normal,Normal
P0108,W04,Supplier 9,286,46,3,338,96668,Normal,Normal
P0109,W03,Supplier 9,154,30,11,2986,459844,Normal,Normal
P0110,W03,Supplier 16,144,79,11,2371,341424,Normal,Normal
P0111,W02,Supplier 16,115,64,6,2149,247135,Normal,Normal
P0112,W01,Supplier 15,448,69,19,2897,1297856,Normal,Normal
P0113,W01,Supplier 2,415,24,3,1223,507545,Normal,Normal
P0114,W04,Supplier 8,500,52,16,1231,615500,Normal,Outlier
P0115,W04,Supplier 18,471,35,3,1481,697551,Normal,Outlier
P0116,W02,Supplier 10,395,28,10,402,158790,Normal,Normal
P0117,W01,Supplier 3,455,64,16,1829,832195,Normal,Outlier
P0118,W05,Supplier 15,99,82,7,1342,132858,Normal,Normal
P0119,W04,Supplier 9,21,47,10,969,20349,Normal,Normal
P0120,W05,Supplier 18,157,72,2,1696,266272,Normal,Normal
P0121,W05,Supplier 1,254,71,11,664,168656,Normal,Normal
P0122,W03,Supplier 2,431,86,18,1060,456860,Normal,Normal
P0123,W05,Supplier 16,414,100,4,582,240948,Normal,Normal
P0124,W04,Supplier 8,151,80,16,2088,315288,Normal,Normal
P0125,W01,Supplier 3,480,50,2,1261,605280,Normal,Outlier
P0126,W03,Supplier 2,379,23,6,2496,945984,Normal,Normal
P0127,W01,Supplier 1,470,67,5,2387,1121890,Normal,Outlier
P0128,W03,Supplier 1,234,22,10,1291,302094,Normal,Normal
P0129,W03,Supplier 16,499,31,8,1073,535427,Normal,Outlier
P0130,W02,Supplier 1,196,62,13,325,63700,Normal,Normal
P0131,W03,Supplier 6,242,73,14,874,211508,Normal,Normal
P0132,W03,Supplier 18,236,56,10,589,139004,Normal,Normal
P0133,W03,Supplier 7,47,34,18,1874,88078,Normal,Normal
P0134,W03,Supplier 17,397,95,16,537,213189,Normal,Normal
P0135,W03,Supplier 20,483,77,11,2981,1439823,Normal,Outlier
P0136,W04,Supplier 14,240,76,15,1115,267600,Normal,Normal
P0137,W02,Supplier 20,414,93,11,935,387090,Normal,Normal
P0138,W02,Supplier 18,73,61,3,236,17228,Normal,Normal
P0139,W02,Supplier 7,222,54,2,2592,575424,Normal,Normal
P0140,W03,Supplier 3,286,68,4,1540,440440,Normal,Normal
P0141,W05,Unknown Supplier,427,53,17,550,234850,Normal,Normal
P0142,W03,Supplier 20,154,27,13,315,48510,Normal,Normal
P0143,W05,Supplier 11,294,24,2,389,114366,Normal,Normal
P0144,W05,Supplier 3,144,78,11,2657,382608,Normal,Normal
P0145,W05,Supplier 11,316,31,16,946,298936,Normal,Normal
P0146,W04,Unknown Supplier,86,80,10,2743,235898,Normal,Normal
P0147,W01,Unknown Supplier,417,34,19,393,163881,Normal,Normal
P0148,W02,Supplier 17,481,69,9,2272,1092832,Normal,Outlier
P0149,W05,Supplier 13,13,45,8,2184,28392,Normal,Normal
P0150,W04,Supplier 2,494,77,8,1179,582426,Normal,Outlier
P0151,W04,Supplier 18,394,29,3,2476,975544,Normal,Normal
P0152,W05,Supplier 11,454,24,6,1555,705970,Normal,Outlier
P0153,W01,Supplier 10,13,49,16,2253,29289,Normal,Normal
P0154,W03,Supplier 14,57,98,12,742,42294,Normal,Normal
P0155,W05,Supplier 14,21,85,3,2862,60102,Normal,Normal
P0156,W01,Supplier 5,448,49,10,2254,1009792,Normal,Normal
P0157,W04,Supplier 5,431,24,2,2534,1092154,Normal,Normal
P0158,W05,Supplier 20,44,78,7,1047,46068,Normal,Normal
P0159,W04,Supplier 3,109,52,9,2289,249501,Normal,Normal
P0160,W02,Supplier 1,418,41,4,177,73986,Normal,Normal
P0161,W02,Supplier 8,180,62,8,2833,509940,Normal,Normal
P0162,W05,Supplier 11,427,59,15,493,210511,Normal,Normal
P0163,W01,Supplier 13,484,60,11,149,72116,Normal,Outlier
P0164,W01,Supplier 5,202,51,10,549,110898,Normal,Normal
P0165,W05,Unknown Supplier,244,95,3,796,194224,Normal,Normal
P0166,W01,Supplier 15,82,41,19,336,27552,Normal,Normal
P0167,W01,Supplier 20,393,78,15,1244,488892,Normal,Normal
P0168,W02,Supplier 7,96,49,14,2256,216576,Normal,Normal
P0169,W03,Supplier 8,378,39,20,2366,894348,Normal,Normal
P0170,W03,Supplier 1,35,52,20,2253,78855,Normal,Normal
P0171,W02,Supplier 17,345,64,13,2765,953925,Normal,Normal
P0172,W03,Supplier 9,374,43,10,1708,638792,Normal,Normal
P0173,W03,Supplier 17,128,24,5,2632,336896,Normal,Normal
P0174,W02,Unknown Supplier,224,49,18,2919,653856,Normal,Normal
P0175,W01,Unknown Supplier,238,59,5,2013,479094,Normal,Normal
P0176,W01,Supplier 5,413,60,16,1117,461321,Normal,Normal
P0177,W04,Supplier 7,78,97,13,1269,98982,Normal,Normal
P0178,W04,Supplier 1,27,97,14,2100,56700,Normal,Normal
P0179,W01,Supplier 3,286,79,12,1584,453024,Normal,Normal
P0180,W03,Unknown Supplier,292,47,11,1794,523848,Normal,Normal
P0181,W03,Supplier 13,60,48,14,311,18660,Normal,Normal
P0182,W01,Supplier 16,408,20,14,1810,738480,Normal,Normal
P0183,W05,Supplier 1,52,50,10,1920,99840,Normal,Normal
P0184,W02,Unknown Supplier,184,63,2,533,98072,Normal,Normal
P0185,W02,Supplier 20,262,78,19,2358,617796,Normal,Normal
P0186,W04,Supplier 14,284,76,10,1576,447584,Normal,Normal
P0187,W02,Supplier 10,114,88,3,1511,172254,Normal,Normal
P0188,W02,Supplier 4,343,63,11,1208,414344,Normal,Normal
P0189,W02,Supplier 12,241,95,6,1177,283657,Normal,Normal
P0190,W04,Supplier 2,369,35,16,1886,695934,Normal,Normal
P0191,W02,Supplier 17,369,57,20,1953,720657,Normal,Normal
P0192,W03,Supplier 2,198,78,14,1361,269478,Normal,Normal
P0193,W03,Supplier 3,167,33,15,2750,459250,Normal,Normal
P0194,W05,Supplier 1,331,20,9,2722,900982,Normal,Normal
P0195,W05,Supplier 12,423,54,7,2355,996165,Normal,Normal
P0196,W05,Supplier 20,409,71,20,202,82618,Normal,Normal
P0197,W01,Supplier 11,380,83,3,1897,720860,Normal,Normal
P0198,W01,Supplier 10,32,59,4,1889,60448,Normal,Normal
P0199,W03,Supplier 10,338,64,14,772,260936,Normal,Normal
P0200,W05,Supplier 1,411,24,10,2376,976536,Normal,Normal
P0201,W01,Supplier 8,448,100,8,2060,922880,Normal,Normal
P0202,W02,Supplier 8,415,43,5,1498,621670,Normal,Normal
P0203,W03,Unknown Supplier,19,39,16,353,6707,Normal,Normal
P0204,W03,Supplier 6,107,37,13,1889,202123,Normal,Normal
P0205,W05,Supplier 5,387,20,18,2501,967887,Normal,Normal
P0206,W05,Supplier 9,273,80,6,2622,715806,Normal,Normal
P0207,W05,Supplier 3,293,54,13,2455,719315,Normal,Normal
P0208,W03,Supplier 11,126,78,2,2270,286020,Normal,Normal
P0209,W05,Supplier 18,349,24,12,1226,427874,Normal,Normal
P0210,W03,Supplier 15,423,85,16,367,155241,Normal,Normal
P0211,W02,Supplier 18,245,96,20,2330,570850,Normal,Normal
P0212,W01,Supplier 19,156,53,11,1271,198276,Normal,Normal
P0213,W05,Supplier 10,133,54,7,822,109326,Normal,Normal
P0214,W01,Supplier 14,437,94,17,417,182229,Normal,Normal
P0215,W01,Supplier 12,273,23,10,373,101829,Normal,Normal
P0216,W05,Supplier 6,213,41,11,648,138024,Normal,Normal
P0217,W05,Supplier 3,341,92,2,2194,748154,Normal,Normal
P0218,W02,Supplier 4,373,90,7,2426,904898,Normal,Normal
P0219,W02,Unknown Supplier,323,83,19,527,170221,Normal,Normal
P0220,W04,Supplier 15,170,76,5,2683,456110,Normal,Normal
P0221,W04,Supplier 4,225,29,13,1285,289125,Normal,Normal
P0222,W04,Supplier 14,224,98,20,2517,563808,Normal,Normal
P0223,W01,Supplier 19,186,83,3,1830,340380,Normal,Normal
P0224,W05,Supplier 7,24,64,13,1324,31776,Normal,Normal
P0225,W03,Supplier 4,308,80,6,2896,891968,Normal,Normal
P0226,W05,Supplier 18,362,72,13,2855,1033510,Normal,Normal
P0227,W04,Supplier 2,119,35,4,172,20468,Normal,Normal
P0228,W02,Supplier 18,196,28,15,2168,424928,Normal,Normal
P0229,W04,Supplier 11,456,61,11,1392,634752,Normal,Outlier
P0230,W01,Supplier 17,225,88,18,895,201375,Normal,Normal
P0231,W03,Supplier 3,64,80,5,1869,119616,Normal,Normal
P0232,W03,Supplier 20,31,95,3,1476,45756,Normal,Normal
P0233,W04,Supplier 17,37,33,20,421,15577,Normal,Normal
P0234,W02,Supplier 11,339,76,7,247,83733,Normal,Normal
P0235,W04,Supplier 16,107,69,5,547,58529,Normal,Normal
P0236,W04,Supplier 16,45,92,18,2250,101250,Normal,Normal
P0237,W01,Supplier 15,285,39,16,345,98325,Normal,Normal
P0238,W03,Supplier 12,458,80,12,541,247778,Normal,Outlier
P0239,W05,Unknown Supplier,20,94,6,1872,37440,Normal,Normal
P0240,W01,Supplier 1,193,61,5,1600,308800,Normal,Normal
P0241,W03,Supplier 3,311,80,4,2775,863025,Normal,Normal
P0242,W01,Supplier 16,49,68,11,192,9408,Normal,Normal
P0243,W03,Supplier 20,70,68,17,2905,203350,Normal,Normal
P0244,W04,Supplier 18,465,23,18,1813,843045,Normal,Outlier
P0245,W04,Supplier 1,430,21,18,1191,512130,Normal,Normal
P0246,W01,Supplier 20,47,96,3,495,23265,Normal,Normal
P0247,W05,Supplier 17,207,87,19,2178,450846,Normal,Normal
P0248,W03,Supplier 18,390,75,3,859,335010,Normal,Normal
P0249,W01,Supplier 20,447,63,19,1449,647703,Normal,Normal
P0250,W05,Supplier 3,41,68,20,897,36777,Normal,Normal
P0251,W01,Supplier 17,227,80,14,2659,603593,Normal,Normal
P0252,W01,Supplier 14,172,63,7,820,141040,Normal,Normal
P0253,W03,Supplier 1,322,58,18,195,62790,Normal,Normal
P0254,W02,Supplier 11,110,43,13,1202,132220,Normal,Normal
P0255,W05,Supplier 15,390,74,17,2659,1037010,Normal,Normal
P0256,W02,Supplier 18,134,83,16,668,89512,Normal,Normal
P0257,W02,Supplier 13,49,79,9,381,18669,Normal,Normal
P0258,W03,Supplier 11,22,65,13,2215,48730,Normal,Normal
P0259,W01,Supplier 6,67,51,2,2277,152559,Normal,Normal
P0260,W05,Supplier 19,263,91,16,1050,276150,Normal,Normal
P0261,W02,Supplier 6,84,22,12,952,79968,Normal,Normal
P0262,W04,Supplier 11,114,34,19,2322,264708,Normal,Normal
P0263,W02,Supplier 3,13,89,6,655,8515,Normal,Normal
P0264,W04,Supplier 13,39,63,14,549,21411,Normal,Normal
P0265,W05,Supplier 3,174,48,17,1359,236466,Normal,Normal
P0266,W04,Supplier 18,433,21,4,339,146787,Normal,Normal
P0267,W02,Supplier 16,187,30,11,1973,368951,Normal,Normal
P0268,W03,Supplier 14,479,94,20,2843,1361797,Normal,Outlier
P0269,W02,Supplier 16,234,48,20,2082,487188,Normal,Normal
P0270,W03,Supplier 5,260,84,7,2901,754260,Normal,Normal
P0271,W05,Supplier 7,371,70,14,220,81620,Normal,Normal
P0272,W01,Supplier 15,134,72,7,745,99830,Normal,Normal
P0273,W03,Supplier 8,316,38,13,212,66992,Normal,Normal
P0274,W04,Supplier 20,449,38,10,404,181396,Normal,Normal
P0275,W01,Supplier 19,258,59,16,1368,352944,Normal,Normal
P0276,W04,Unknown Supplier,118,36,4,181,21358,Normal,Normal
P0277,W01,Supplier 14,284,74,2,2234,634456,Normal,Normal
P0278,W03,Supplier 8,471,73,3,135,63585,Normal,Outlier
P0279,W03,Supplier 5,492,73,14,1658,815736,Normal,Outlier
P0280,W02,Supplier 11,205,62,16,1284,263220,Normal,Normal
P0281,W01,Supplier 7,65,20,19,1544,100360,Normal,Normal
P0282,W05,Supplier 9,395,90,19,1567,618965,Normal,Normal
P0283,W03,Supplier 2,56,89,20,2663,149128,Normal,Normal
P0284,W02,Supplier 5,200,32,18,1839,367800,Normal,Normal
P0285,W04,Supplier 17,243,25,5,501,121743,Normal,Normal
P0286,W03,Unknown Supplier,145,77,13,654,94830,Normal,Normal
P0287,W02,Supplier 9,307,50,4,1010,310070,Normal,Normal
P0288,W04,Supplier 2,26,63,20,1275,33150,Normal,Normal
P0289,W02,Supplier 2,437,55,15,2072,905464,Normal,Normal
P0290,W04,Supplier 13,86,29,18,2947,253442,Normal,Normal
P0291,W02,Supplier 8,205,88,5,2702,553910,Normal,Normal
P0292,W02,Supplier 11,301,41,12,111,33411,Normal,Normal
P0293,W01,Supplier 12,15,72,16,454,6810,Normal,Normal
P0294,W03,Supplier 15,136,91,12,126,17136,Normal,Normal
P0295,W04,Unknown Supplier,71,87,3,929,65959,Normal,Normal
P0296,W01,Supplier 11,438,74,18,1134,496692,Normal,Normal
P0297,W05,Supplier 9,424,56,15,2461,1043464,Normal,Normal
P0298,W03,Supplier 9,234,34,20,668,156312,Normal,Normal
P0299,W03,Supplier 6,413,71,11,540,223020,Normal,Normal
P0300,W01,Supplier 17,83,59,3,1226,101758,Normal,Normal
P0301,W02,Supplier 15,267,53,6,510,136170,Normal,Normal
P0302,W04,Supplier 2,21,76,7,1668,35028,Normal,Normal
P0303,W01,Supplier 20,96,69,10,2683,257568,Normal,Normal
P0304,W02,Supplier 3,288,91,14,2953,850464,Normal,Normal
P0305,W05,Supplier 7,113,37,10,1522,171986,Normal,Normal
P0306,W02,Supplier 5,425,61,8,2744,1166200,Normal,Normal
P0307,W04,Supplier 20,331,66,18,2886,955266,Normal,Normal
P0308,W05,Supplier 2,316,43,13,2241,708156,Normal,Normal
P0309,W05,Supplier 2,11,84,14,1904,20944,Normal,Normal
P0310,W01,Supplier 2,9,35,9,874,7866,Normal,Normal
P0311,W04,Supplier 8,105,44,8,2100,220500,Normal,Normal
P0312,W02,Supplier 4,462,90,19,1356,626472,Normal,Outlier
P0313,W02,Supplier 15,177,82,17,2910,515070,Normal,Normal
P0314,W01,Supplier 18,101,66,19,1250,126250,Normal,Normal
P0315,W05,Supplier 9,451,45,5,1607,724757,Normal,Outlier
P0316,W02,Supplier 3,488,99,10,1277,623176,Normal,Outlier
P0317,W05,Supplier 7,36,61,12,314,11304,Normal,Normal
P0318,W01,Supplier 10,182,67,7,2949,536718,Normal,Normal
P0319,W05,Supplier 8,281,52,14,591,166071,Normal,Normal
P0320,W01,Supplier 18,341,74,12,2829,964689,Normal,Normal
P0321,W05,Supplier 10,102,32,5,1389,141678,Normal,Normal
P0322,W05,Supplier 5,312,90,6,2433,759096,Normal,Normal
P0323,W05,Supplier 5,285,37,14,734,209190,Normal,Normal
P0324,W03,Supplier 7,96,54,13,654,62784,Normal,Normal
P0325,W05,Supplier 1,151,44,17,2787,420837,Normal,Normal
P0326,W04,Supplier 10,19,58,11,2172,41268,Normal,Normal
P0327,W02,Supplier 6,18,62,5,2352,42336,Normal,Normal
P0328,W02,Supplier 3,100,22,14,1548,154800,Normal,Normal
P0329,W01,Supplier 13,212,20,19,2114,448168,Normal,Normal
P0330,W05,Supplier 17,123,53,5,2147,264081,Normal,Normal
P0331,W02,Supplier 20,385,78,3,2844,1094940,Normal,Normal
P0332,W05,Supplier 9,340,46,2,2911,989740,Normal,Normal
P0333,W03,Supplier 12,166,71,8,819,135954,Normal,Normal
P0334,W05,Supplier 1,149,61,7,1414,210686,Normal,Normal
P0335,W05,Supplier 9,3,58,19,484,1452,Normal,Normal
P0336,W05,Supplier 16,279,74,3,2583,720657,Normal,Normal
P0337,W05,Supplier 15,3,46,10,1736,5208,Normal,Normal
P0338,W05,Supplier 6,228,42,6,2458,560424,Normal,Normal
P0339,W05,Supplier 16,393,22,16,121,47553,Normal,Normal
P0340,W03,Supplier 16,84,73,4,2067,173628,Normal,Normal
P0341,W02,Unknown Supplier,231,86,4,130,30030,Normal,Normal
P0342,W04,Supplier 14,421,80,13,1687,710227,Normal,Normal
P0343,W01,Supplier 15,134,76,6,2182,292388,Normal,Normal
P0344,W02,Supplier 3,146,28,18,1044,152424,Normal,Normal
P0345,W04,Supplier 17,369,82,19,457,168633,Normal,Normal
P0346,W02,Unknown Supplier,136,56,8,231,31416,Normal,Normal
P0347,W03,Supplier 19,398,82,16,2959,1177682,Normal,Normal
P0348,W05,Supplier 10,380,82,6,1890,718200,Normal,Normal
P0349,W05,Supplier 8,205,72,15,431,88355,Normal,Normal
P0350,W03,Supplier 14,116,22,3,481,55796,Normal,Normal
P0351,W02,Supplier 17,4,63,13,153,612,Normal,Normal
P0352,W03,Supplier 8,178,24,9,777,138306,Normal,Normal
P0353,W02,Supplier 18,373,45,9,633,236109,Normal,Normal
P0354,W05,Unknown Supplier,455,47,11,1945,884975,Normal,Outlier
P0355,W01,Unknown Supplier,17,93,16,858,14586,Normal,Normal
P0356,W03,Supplier 11,446,46,16,1285,573110,Normal,Normal
P0357,W05,Supplier 14,496,85,8,1356,672576,Normal,Outlier
P0358,W01,Supplier 9,360,22,20,2725,981000,Normal,Normal
P0359,W03,Supplier 14,126,30,15,470,59220,Normal,Normal
P0360,W03,Supplier 16,408,51,20,150,61200,Normal,Normal
P0361,W02,Supplier 8,25,35,15,873,21825,Normal,Normal
P0362,W05,Supplier 3,27,99,3,819,22113,Normal,Normal
P0363,W03,Supplier 11,104,98,17,959,99736,Normal,Normal
P0364,W05,Unknown Supplier,295,81,2,1654,487930,Normal,Normal
P0365,W01,Unknown Supplier,46,68,8,460,21160,Normal,Normal
P0366,W02,Supplier 8,141,76,17,261,36801,Normal,Normal
P0367,W04,Supplier 15,314,53,14,2821,885794,Normal,Normal
P0368,W02,Supplier 6,309,40,2,2106,650754,Normal,Normal
P0369,W05,Unknown Supplier,42,49,11,973,40866,Normal,Normal
P0370,W05,Supplier 15,131,50,13,1654,216674,Normal,Normal
P0371,W05,Unknown Supplier,8,58,12,455,3640,Normal,Normal
P0372,W01,Unknown Supplier,273,93,12,2507,684411,Normal,Normal
P0373,W02,Supplier 14,484,72,17,2693,1303412,Normal,Outlier
P0374,W03,Supplier 13,467,94,6,421,196607,Normal,Outlier
P0375,W02,Supplier 16,221,33,2,2264,500344,Normal,Normal
P0376,W03,Supplier 12,361,52,5,1412,509732,Normal,Normal
P0377,W01,Unknown Supplier,311,59,12,2361,734271,Normal,Normal
P0378,W03,Supplier 2,451,86,16,731,329681,Normal,Outlier
P0379,W03,Supplier 4,361,50,12,2391,863151,Normal,Normal
P0380,W04,Supplier 19,287,47,7,2759,791833,Normal,Normal
P0381,W04,Supplier 6,262,94,18,1723,451426,Normal,Normal
P0382,W05,Supplier 5,13,56,16,1896,24648,Normal,Normal
P0383,W02,Supplier 10,455,60,16,2239,1018745,Normal,Outlier
P0384,W04,Supplier 20,325,67,19,1251,406575,Normal,Normal
P0385,W03,Supplier 8,298,86,19,199,59302,Normal,Normal
P0386,W03,Supplier 19,344,91,2,1589,546616,Normal,Normal
P0387,W01,Supplier 13,42,91,16,536,22512,Normal,Normal
P0388,W04,Supplier 18,268,63,4,2296,615328,Normal,Normal
P0389,W02,Supplier 11,68,82,10,2292,155856,Normal,Normal
P0390,W01,Supplier 16,319,32,14,2000,638000,Normal,Normal
P0391,W02,Supplier 19,287,86,3,441,126567,Normal,Normal
P0392,W02,Supplier 14,373,57,11,2479,924667,Normal,Normal
P0393,W01,Supplier 10,70,37,15,592,41440,Normal,Normal
P0394,W05,Supplier 15,216,70,13,502,108432,Normal,Normal
P0395,W02,Supplier 17,467,47,7,815,380605,Normal,Outlier
P0396,W01,Supplier 7,354,47,12,2349,831546,Normal,Normal
P0397,W03,Unknown Supplier,438,94,4,155,67890,Normal,Normal
P0398,W03,Supplier 10,487,84,11,2271,1105977,Normal,Outlier
P0399,W02,Supplier 8,423,87,5,656,277488,Normal,Normal
P0400,W03,Supplier 4,372,97,17,116,43152,Normal,Normal
P0401,W05,Supplier 20,148,94,8,612,90576,Normal,Normal
P0402,W02,Supplier 20,110,69,3,2943,323730,Normal,Normal
P0403,W02,Supplier 9,113,71,9,626,70738,Normal,Normal
P0404,W01,Supplier 5,411,51,9,2999,1232589,Normal,Normal
P0405,W05,Supplier 15,24,28,16,2371,56904,Normal,Normal
P0406,W03,Supplier 19,140,46,15,2857,399980,Normal,Normal
P0407,W03,Supplier 16,291,52,14,2418,703638,Normal,Normal
P0408,W05,Supplier 7,56,79,2,1269,71064,Normal,Normal
P0409,W03,Supplier 17,347,28,14,855,296685,Normal,Normal
P0410,W04,Supplier 12,248,36,18,1143,283464,Normal,Normal
P0411,W02,Supplier 4,475,42,20,366,173850,Normal,Outlier
P0412,W05,Supplier 10,184,22,15,2150,395600,Normal,Normal
P0413,W03,Unknown Supplier,171,81,18,313,53523,Normal,Normal
P0414,W01,Supplier 6,214,84,9,2518,538852,Normal,Normal
P0415,W01,Supplier 9,69,32,14,952,65688,Normal,Normal
P0416,W05,Supplier 5,157,45,13,1215,190755,Normal,Normal
P0417,W02,Supplier 10,364,48,4,1344,489216,Normal,Normal
P0418,W02,Supplier 10,131,47,2,2129,278899,Normal,Normal
P0419,W04,Supplier 9,369,71,12,386,142434,Normal,Normal
P0420,W02,Supplier 12,0,61,4,2804,0,Normal,Normal
P0421,W04,Supplier 19,12,34,18,2845,34140,Normal,Normal
P0422,W01,Unknown Supplier,340,53,4,2534,861560,Normal,Normal
P0423,W01,Supplier 17,92,73,7,2429,223468,Normal,Normal
P0424,W03,Supplier 2,197,22,15,2087,411139,Normal,Normal
P0425,W05,Supplier 8,258,61,11,2348,605784,Normal,Normal
P0426,W02,Supplier 19,228,67,17,782,178296,Normal,Normal
P0427,W01,Supplier 4,381,58,10,2521,960501,Normal,Normal
P0428,W01,Supplier 7,344,92,18,1876,645344,Normal,Normal
P0429,W04,Supplier 15,225,61,15,366,82350,Normal,Normal
P0430,W04,Supplier 12,294,40,14,2556,751464,Normal,Normal
P0431,W01,Supplier 6,378,95,3,211,79758,Normal,Normal
P0432,W02,Supplier 7,287,36,17,1704,489048,Normal,Normal
P0433,W03,Supplier 17,252,29,20,400,100800,Normal,Normal
P0434,W04,Supplier 14,120,44,16,1160,139200,Normal,Normal
P0435,W05,Supplier 2,345,70,4,2497,861465,Normal,Normal
P0436,W01,Supplier 6,347,56,3,1338,464286,Normal,Normal
P0437,W02,Supplier 3,311,90,2,1282,398702,Normal,Normal
P0438,W03,Supplier 7,288,28,18,2121,610848,Normal,Normal
P0439,W01,Supplier 16,237,66,17,1072,254064,Normal,Normal
P0440,W02,Supplier 9,17,40,6,2625,44625,Normal,Normal
P0441,W04,Supplier 4,132,52,3,108,14256,Normal,Normal
P0442,W05,Supplier 5,426,46,17,2848,1213248,Normal,Normal
P0443,W05,Supplier 16,419,92,17,167,69973,Normal,Normal
P0444,W01,Supplier 8,94,52,15,136,12784,Normal,Normal
P0445,W03,Supplier 1,408,23,7,2198,896784,Normal,Normal
P0446,W01,Supplier 19,176,38,10,2666,469216,Normal,Normal
P0447,W02,Supplier 6,394,99,3,448,176512,Normal,Normal
P0448,W05,Unknown Supplier,424,31,20,1369,580456,Normal,Normal
P0449,W05,Supplier 2,456,36,3,2874,1310544,Normal,Outlier
P0450,W05,Supplier 20,150,86,16,2339,350850,Normal,Normal
P0451,W02,Supplier 17,319,59,9,1866,595254,Normal,Normal
P0452,W05,Supplier 1,309,29,8,1749,540441,Normal,Normal
P0453,W03,Supplier 7,305,46,17,2085,635925,Normal,Normal
P0454,W03,Supplier 6,27,59,9,1401,37827,Normal,Normal
P0455,W01,Supplier 5,278,78,12,1148,319144,Normal,Normal
P0456,W02,Supplier 6,480,53,5,2199,1055520,Normal,Outlier
P0457,W04,Supplier 19,322,27,15,555,178710,Normal,Normal
P0458,W01,Supplier 12,182,42,9,969,176358,Normal,Normal
P0459,W03,Supplier 3,453,61,6,2444,1107132,Normal,Outlier
P0460,W03,Supplier 18,442,54,5,421,186082,Normal,Normal
P0461,W02,Supplier 10,449,58,16,238,106862,Normal,Normal
P0462,W03,Supplier 9,448,27,9,122,54656,Normal,Normal
P0463,W05,Supplier 17,169,40,9,961,162409,Normal,Normal
P0464,W04,Supplier 12,341,65,17,2228,759748,Normal,Normal
P0465,W03,Supplier 11,246,95,7,1905,468630,Normal,Normal
P0466,W05,Supplier 2,103,61,18,2874,296022,Normal,Normal
P0467,W04,Supplier 11,150,96,10,1262,189300,Normal,Normal
P0468,W01,Supplier 7,341,69,6,2033,693253,Normal,Normal
P0469,W05,Supplier 7,355,21,8,1098,389790,Normal,Normal
P0470,W03,Supplier 9,337,74,4,1871,630527,Normal,Normal
P0471,W02,Supplier 14,161,85,11,2442,393162,Normal,Normal
P0472,W05,Supplier 8,69,55,20,2919,201411,Normal,Normal
P0473,W02,Supplier 2,368,90,16,1809,665712,Normal,Normal
P0474,W05,Supplier 20,185,38,16,202,37370,Normal,Normal
P0475,W05,Supplier 8,89,68,7,2667,237363,Normal,Normal
P0476,W05,Supplier 17,172,98,10,630,108360,Normal,Normal
P0477,W04,Supplier 7,471,80,10,520,244920,Normal,Outlier
P0478,W03,Supplier 3,122,99,10,1973,240706,Normal,Normal
P0479,W03,Supplier 19,373,29,19,2732,1019036,Normal,Normal
P0480,W03,Supplier 6,132,21,3,793,104676,Normal,Normal
P0481,W03,Supplier 9,488,81,18,1695,827160,Normal,Outlier
P0482,W03,Supplier 17,353,53,14,647,228391,Normal,Normal
P0483,W02,Supplier 10,190,73,20,2661,505590,Normal,Normal
P0484,W05,Supplier 1,91,20,3,2500,227500,Normal,Normal
P0485,W03,Supplier 19,84,69,20,1019,85596,Normal,Normal
P0486,W05,Supplier 6,267,94,13,1339,357513,Normal,Normal
P0487,W03,Supplier 7,299,77,6,2275,680225,Normal,Normal
P0488,W02,Supplier 17,315,76,10,2539,799785,Normal,Normal
P0489,W04,Supplier 19,478,56,11,275,131450,Normal,Outlier
P0490,W05,Supplier 10,127,25,15,2105,267335,Normal,Normal
P0491,W02,Supplier 3,489,100,12,236,115404,Normal,Outlier
P0492,W02,Supplier 17,247,69,6,2870,708890,Normal,Normal
P0493,W04,Supplier 4,63,83,19,2237,140931,Normal,Normal
P0494,W05,Supplier 18,496,21,10,2450,1215200,Normal,Outlier
P0495,W02,Supplier 3,11,87,7,957,10527,Normal,Normal
P0496,W01,Unknown Supplier,90,79,14,834,75060,Normal,Normal
P0497,W03,Supplier 5,117,55,10,2258,264186,Normal,Normal
P0498,W03,Supplier 18,344,99,11,2981,1025464,Normal,Normal
P0499,W03,Supplier 13,155,95,17,2164,335420,Normal,Normal
P0500,W01,Supplier 3,351,42,11,115,40365,Normal,Normal
P0501,W02,Supplier 16,452,64,16,2877,1300404,Normal,Outlier
P0502,W03,Supplier 7,174,65,9,1926,335124,Normal,Normal
P0503,W03,Supplier 12,207,73,18,227,46989,Normal,Normal
P0504,W02,Supplier 8,22,92,2,181,3982,Normal,Normal
P0505,W02,Supplier 18,91,53,2,928,84448,Normal,Normal
P0506,W03,Supplier 18,355,98,12,2390,848450,Normal,Normal
P0507,W05,Supplier 19,342,27,14,1357,464094,Normal,Normal
P0508,W02,Supplier 2,480,33,10,2830,1358400,Normal,Outlier
P0509,W02,Supplier 20,440,64,15,2925,1287000,Normal,Normal
P0510,W03,Supplier 4,210,71,16,1716,360360,Normal,Normal
P0511,W03,Supplier 8,180,34,3,1877,337860,Normal,Normal
P0512,W01,Supplier 15,134,33,11,579,77586,Normal,Normal
P0513,W04,Supplier 13,48,65,8,606,29088,Normal,Normal
P0514,W05,Supplier 5,13,67,11,2476,32188,Normal,Normal
P0515,W03,Supplier 10,315,28,8,1053,331695,Normal,Normal
P0516,W03,Supplier 6,274,95,9,1456,398944,Normal,Normal
P0517,W03,Supplier 18,80,45,18,2434,194720,Normal,Normal
P0518,W04,Supplier 12,258,47,5,701,180858,Normal,Normal
P0519,W03,Unknown Supplier,22,77,3,291,6402,Normal,Normal
P0520,W03,Supplier 15,249,75,19,1857,462393,Normal,Normal
P0521,W05,Supplier 20,155,24,7,2430,376650,Normal,Normal
P0522,W02,Supplier 11,309,89,12,2772,856548,Normal,Normal
P0523,W04,Supplier 5,29,78,7,1495,43355,Normal,Normal
P0524,W01,Supplier 15,321,42,19,2084,668964,Normal,Normal
P0525,W03,Supplier 5,3,28,13,2888,8664,Normal,Normal
P0526,W05,Supplier 2,271,33,4,2425,657175,Normal,Normal
P0527,W01,Supplier 2,160,59,7,2044,327040,Normal,Normal
P0528,W03,Supplier 14,43,57,4,1611,69273,Normal,Normal
P0529,W05,Supplier 19,160,79,11,914,146240,Normal,Normal
P0530,W03,Supplier 8,280,92,15,2007,561960,Normal,Normal
P0531,W05,Supplier 1,80,82,14,2246,179680,Normal,Normal
P0532,W04,Supplier 6,208,79,16,2016,419328,Normal,Normal
P0533,W01,Supplier 12,61,70,16,1204,73444,Normal,Normal
P0534,W05,Unknown Supplier,385,69,5,1065,410025,Normal,Normal
P0535,W03,Supplier 6,7,23,10,377,2639,Normal,Normal
P0536,W03,Supplier 13,277,90,14,2822,781694,Normal,Normal
P0537,W03,Supplier 8,252,70,16,1561,393372,Normal,Normal
P0538,W01,Supplier 1,184,44,7,1491,274344,Normal,Normal
P0539,W05,Supplier 1,411,100,6,2989,1228479,Normal,Normal
P0540,W01,Supplier 7,38,64,3,1933,73454,Normal,Normal
P0541,W05,Unknown Supplier,112,79,16,259,29008,Normal,Normal
P0542,W03,Supplier 2,80,43,12,746,59680,Normal,Normal
P0543,W02,Supplier 1,30,49,2,1443,43290,Normal,Normal
P0544,W03,Supplier 12,425,42,10,2704,1149200,Normal,Normal
P0545,W03,Supplier 11,155,90,2,1531,237305,Normal,Normal
P0546,W05,Supplier 8,187,29,5,2910,544170,Normal,Normal
P0547,W02,Unknown Supplier,314,34,12,581,182434,Normal,Normal
P0548,W01,Unknown Supplier,28,24,19,2114,59192,Normal,Normal
P0549,W02,Supplier 18,201,27,13,1082,217482,Normal,Normal
P0550,W05,Supplier 1,68,59,10,2587,175916,Normal,Normal
P0551,W03,Supplier 14,283,36,13,1234,349222,Normal,Normal
P0552,W01,Unknown Supplier,187,40,8,2736,511632,Normal,Normal
P0553,W02,Supplier 7,257,85,13,598,153686,Normal,Normal
P0554,W04,Unknown Supplier,1,81,14,1219,1219,Normal,Normal
P0555,W02,Supplier 1,348,78,15,1607,559236,Normal,Normal
P0556,W04,Supplier 1,444,91,8,2868,1273392,Normal,Normal
P0557,W04,Supplier 15,196,77,14,2204,431984,Normal,Normal
P0558,W02,Supplier 16,394,79,16,799,314806,Normal,Normal
P0559,W02,Supplier 13,249,80,19,775,192975,Normal,Normal
P0560,W05,Supplier 13,65,45,7,1324,86060,Normal,Normal
P0561,W03,Supplier 5,28,25,8,892,24976,Normal,Normal
P0562,W03,Supplier 12,379,64,15,2279,863741,Normal,Normal
P0563,W03,Supplier 13,216,32,18,812,175392,Normal,Normal
P0564,W02,Supplier 6,253,98,5,1790,452870,Normal,Normal
P0565,W05,Supplier 4,233,64,18,1937,451321,Normal,Normal
P0566,W04,Supplier 14,145,49,16,2996,434420,Normal,Normal
P0567,W05,Supplier 4,187,41,11,1932,361284,Normal,Normal
P0568,W04,Supplier 6,428,29,10,306,130968,Normal,Normal
P0569,W03,Supplier 4,19,70,3,1125,21375,Normal,Normal
P0570,W02,Supplier 18,291,66,15,1162,338142,Normal,Normal
P0571,W02,Supplier 10,52,49,7,428,22256,Normal,Normal
P0572,W04,Supplier 3,391,94,6,1628,636548,Normal,Normal
P0573,W05,Supplier 9,271,77,4,2357,638747,Normal,Normal
P0574,W04,Supplier 12,187,97,19,2316,433092,Normal,Normal
P0575,W03,Supplier 6,307,27,20,2791,856837,Normal,Normal
P0576,W05,Supplier 19,335,50,3,313,104855,Normal,Normal
P0577,W05,Supplier 16,230,52,17,938,215740,Normal,Normal
P0578,W03,Supplier 5,13,50,2,2084,27092,Normal,Normal
P0579,W03,Supplier 4,241,88,11,1612,388492,Normal,Normal
P0580,W01,Supplier 15,269,65,8,1514,407266,Normal,Normal
P0581,W02,Supplier 8,91,63,16,282,25662,Normal,Normal
P0582,W01,Supplier 18,419,20,3,2931,1228089,Normal,Normal
P0583,W03,Supplier 3,152,42,11,2803,426056,Normal,Normal
P0584,W01,Supplier 19,187,45,18,1397,261239,Normal,Normal
P0585,W02,Supplier 20,16,91,9,2825,45200,Normal,Normal
P0586,W04,Supplier 18,357,85,3,1530,546210,Normal,Normal
P0587,W03,Supplier 18,39,36,6,901,35139,Normal,Normal
P0588,W01,Supplier 18,20,96,13,2593,51860,Normal,Normal
P0589,W05,Supplier 16,418,20,8,2913,1217634,Normal,Normal
P0590,W04,Unknown Supplier,224,59,13,302,67648,Normal,Normal
P0591,W05,Supplier 17,171,97,20,2792,477432,Normal,Normal
P0592,W02,Supplier 20,204,78,8,849,173196,Normal,Normal
P0593,W04,Supplier 19,303,41,16,1994,604182,Normal,Normal
P0594,W03,Supplier 8,421,90,8,492,207132,Normal,Normal
P0595,W05,Supplier 13,420,57,3,1635,686700,Normal,Normal
P0596,W04,Supplier 11,300,53,13,2923,876900,Normal,Normal
P0597,W03,Supplier 6,184,32,12,2050,377200,Normal,Normal
P0598,W02,Supplier 17,66,83,13,326,21516,Normal,Normal
P0599,W02,Supplier 17,297,77,11,2509,745173,Normal,Normal
P0600,W03,Supplier 10,462,63,13,1869,863478,Normal,Outlier
P0601,W03,Supplier 1,107,43,20,303,32421,Normal,Normal
P0602,W02,Supplier 4,408,64,13,1974,805392,Normal,Normal
P0603,W03,Supplier 18,497,46,5,1762,875714,Normal,Outlier
P0604,W05,Supplier 7,373,86,8,2985,1113405,Normal,Normal
P0605,W04,Supplier 11,19,89,4,2014,38266,Normal,Normal
P0606,W05,Supplier 10,338,27,14,504,170352,Normal,Normal
P0607,W02,Supplier 14,460,74,12,316,145360,Normal,Outlier
P0608,W01,Unknown Supplier,21,36,10,1412,29652,Normal,Normal
P0609,W05,Supplier 17,139,91,6,1511,210029,Normal,Normal
P0610,W04,Supplier 17,150,91,6,2119,317850,Normal,Normal
P0611,W04,Supplier 4,171,56,19,1512,258552,Normal,Normal
P0612,W02,Supplier 15,51,71,2,1774,90474,Normal,Normal
P0613,W05,Supplier 10,352,60,15,2005,705760,Normal,Normal
P0614,W03,Supplier 14,404,32,15,786,317544,Normal,Normal
P0615,W01,Supplier 3,22,82,16,2483,54626,Normal,Normal
P0616,W04,Supplier 13,247,58,10,827,204269,Normal,Normal
P0617,W02,Supplier 7,240,69,6,2998,719520,Normal,Normal
P0618,W05,Supplier 15,251,61,10,1932,484932,Normal,Normal
P0619,W04,Supplier 20,351,96,10,1011,354861,Normal,Normal
P0620,W01,Supplier 2,402,58,20,1752,704304,Normal,Normal
P0621,W03,Supplier 10,285,90,17,2094,596790,Normal,Normal
P0622,W04,Supplier 2,70,41,3,1172,82040,Normal,Normal
P0623,W02,Unknown Supplier,182,63,18,993,180726,Normal,Normal
P0624,W04,Supplier 14,457,58,15,801,366057,Normal,Outlier
P0625,W01,Supplier 8,294,69,13,891,261954,Normal,Normal
P0626,W04,Supplier 1,88,61,12,2369,208472,Normal,Normal
P0627,W04,Supplier 8,227,90,10,1145,259915,Normal,Normal
P0628,W04,Supplier 19,78,44,8,523,40794,Normal,Normal
P0629,W04,Supplier 9,140,86,4,1822,255080,Normal,Normal
P0630,W03,Supplier 17,405,60,14,820,332100,Normal,Normal
P0631,W02,Supplier 9,237,59,3,899,213063,Normal,Normal
P0632,W01,Supplier 13,149,54,14,2078,309622,Normal,Normal
P0633,W03,Unknown Supplier,69,69,20,2103,145107,Normal,Normal
P0634,W03,Supplier 9,258,20,15,147,37926,Normal,Normal
P0635,W01,Supplier 6,263,32,19,442,116246,Normal,Normal
P0636,W02,Unknown Supplier,234,57,12,2706,633204,Normal,Normal
P0637,W02,Supplier 18,378,43,12,2230,842940,Normal,Normal
P0638,W03,Supplier 1,197,64,4,2332,459404,Normal,Normal
P0639,W05,Supplier 7,112,45,5,1377,154224,Normal,Normal
P0640,W05,Supplier 9,454,90,19,1039,471706,Normal,Outlier
P0641,W03,Supplier 15,329,35,13,2007,660303,Normal,Normal
P0642,W03,Supplier 11,295,41,13,1436,423620,Normal,Normal
P0643,W02,Supplier 15,172,68,8,326,56072,Normal,Normal
P0644,W03,Supplier 14,468,29,14,927,433836,Normal,Outlier
P0645,W05,Supplier 13,497,22,13,2132,1059604,Normal,Outlier
P0646,W01,Supplier 2,413,81,10,2013,831369,Normal,Normal
P0647,W04,Supplier 7,206,90,7,467,96202,Normal,Normal
P0648,W03,Supplier 5,349,97,15,2232,778968,Normal,Normal
P0649,W03,Supplier 15,335,24,3,2250,753750,Normal,Normal
P0650,W01,Supplier 19,373,70,2,2751,1026123,Normal,Normal
P0651,W04,Supplier 1,15,72,18,186,2790,Normal,Normal
P0652,W02,Supplier 12,362,67,20,1818,658116,Normal,Normal
P0653,W05,Supplier 1,228,43,6,1538,350664,Normal,Normal
P0654,W04,Supplier 7,146,79,8,2555,373030,Normal,Normal
P0655,W05,Supplier 15,61,39,10,1475,89975,Normal,Normal
P0656,W03,Supplier 20,49,67,11,877,42973,Normal,Normal
P0657,W01,Supplier 5,116,88,3,1340,155440,Normal,Normal
P0658,W02,Supplier 4,15,99,10,2623,39345,Normal,Normal
P0659,W02,Supplier 8,177,79,10,308,54516,Normal,Normal
P0660,W02,Supplier 7,170,47,20,1080,183600,Normal,Normal
P0661,W02,Supplier 8,486,95,20,2480,1205280,Normal,Outlier
P0662,W04,Supplier 3,259,28,2,1824,472416,Normal,Normal
P0663,W01,Unknown Supplier,435,92,14,1812,788220,Normal,Normal
P0664,W03,Supplier 2,22,66,14,2896,63712,Normal,Normal
P0665,W04,Supplier 13,237,100,18,685,162345,Normal,Normal
P0666,W03,Supplier 13,464,22,12,971,450544,Normal,Outlier
P0667,W03,Supplier 9,64,66,7,254,16256,Normal,Normal
P0668,W01,Supplier 2,276,53,16,2917,805092,Normal,Normal
P0669,W05,Supplier 2,376,55,2,2228,837728,Normal,Normal
P0670,W01,Supplier 6,254,96,4,1759,446786,Normal,Normal
P0671,W05,Supplier 12,279,75,10,2963,826677,Normal,Normal
P0672,W01,Supplier 8,209,83,19,896,187264,Normal,Normal
P0673,W01,Supplier 20,131,70,10,1958,256498,Normal,Normal
P0674,W05,Supplier 11,61,56,6,1155,70455,Normal,Normal
P0675,W05,Supplier 4,121,92,19,733,88693,Normal,Normal
P0676,W01,Supplier 2,350,36,13,124,43400,Normal,Normal
P0677,W01,Supplier 7,165,92,13,1603,264495,Normal,Normal
P0678,W04,Supplier 13,66,40,2,377,24882,Normal,Normal
P0679,W02,Supplier 8,301,81,20,259,77959,Normal,Normal
P0680,W05,Supplier 17,284,98,15,515,146260,Normal,Normal
P0681,W03,Supplier 8,226,25,7,636,143736,Normal,Normal
P0682,W04,Unknown Supplier,305,81,16,1404,428220,Normal,Normal
P0683,W02,Supplier 5,212,60,6,2646,560952,Normal,Normal
P0684,W01,Supplier 11,127,30,20,2141,271907,Normal,Normal
P0685,W02,Supplier 3,2,54,7,1150,2300,Normal,Normal
P0686,W02,Supplier 16,124,83,8,2381,295244,Normal,Normal
P0687,W04,Supplier 20,79,41,5,788,62252,Normal,Normal
P0688,W05,Supplier 17,98,65,6,2478,242844,Normal,Normal
P0689,W05,Supplier 1,13,24,3,206,2678,Normal,Normal
P0690,W05,Supplier 16,495,52,16,1660,821700,Normal,Outlier
P0691,W01,Supplier 5,261,44,2,1747,455967,Normal,Normal
P0692,W05,Supplier 16,325,90,7,136,44200,Normal,Normal
P0693,W05,Supplier 18,423,88,19,1452,614196,Normal,Normal
P0694,W01,Supplier 9,71,28,10,2533,179843,Normal,Normal
P0695,W02,Supplier 12,351,37,10,1089,382239,Normal,Normal
P0696,W04,Supplier 7,337,73,8,2182,735334,Normal,Normal
P0697,W02,Supplier 16,481,24,15,1238,595478,Normal,Outlier
P0698,W05,Supplier 18,378,78,18,1765,667170,Normal,Normal
P0699,W01,Supplier 10,387,71,4,1179,456273,Normal,Normal
P0700,W01,Supplier 10,429,32,7,2497,1071213,Normal,Normal
P0701,W05,Supplier 6,209,46,14,2477,517693,Normal,Normal
P0702,W01,Supplier 16,433,95,17,794,343802,Normal,Normal
P0703,W01,Supplier 15,25,62,5,2006,50150,Normal,Normal
P0704,W05,Supplier 6,222,83,13,1576,349872,Normal,Normal
P0705,W02,Supplier 12,462,60,16,797,368214,Normal,Outlier
P0706,W04,Supplier 10,456,30,5,925,421800,Normal,Outlier
P0707,W03,Supplier 15,258,29,20,480,123840,Normal,Normal
P0708,W03,Supplier 15,80,77,6,2378,190240,Normal,Normal
P0709,W05,Supplier 5,109,53,10,1118,121862,Normal,Normal
P0710,W02,Supplier 7,95,61,11,809,76855,Normal,Normal
P0711,W03,Supplier 18,390,50,18,1188,463320,Normal,Normal
P0712,W01,Supplier 3,445,96,16,331,147295,Normal,Normal
P0713,W02,Supplier 18,412,72,7,291,119892,Normal,Normal
P0714,W02,Supplier 12,12,80,10,1324,15888,Normal,Normal
P0715,W05,Supplier 19,82,62,13,2591,212462,Normal,Normal
P0716,W04,Supplier 20,22,23,20,2880,63360,Normal,Normal
P0717,W01,Supplier 5,27,97,14,2448,66096,Normal,Normal
P0718,W04,Supplier 18,474,35,18,2116,1002984,Normal,Outlier
P0719,W03,Supplier 11,484,21,17,2114,1023176,Normal,Outlier
P0720,W03,Supplier 12,85,44,4,771,65535,Normal,Normal
P0721,W02,Supplier 18,210,92,16,270,56700,Normal,Normal
P0722,W03,Supplier 4,76,93,16,532,40432,Normal,Normal
P0723,W01,Supplier 11,240,71,11,306,73440,Normal,Normal
P0724,W01,Supplier 5,33,47,2,2191,72303,Normal,Normal
P0725,W05,Supplier 2,217,51,7,1704,369768,Normal,Normal
P0726,W05,Supplier 7,421,62,13,2600,1094600,Normal,Normal
P0727,W01,Supplier 1,294,95,10,1074,315756,Normal,Normal
P0728,W05,Supplier 10,414,22,6,464,192096,Normal,Normal
P0729,W03,Supplier 11,488,27,4,1548,755424,Normal,Outlier
P0730,W02,Unknown Supplier,185,92,15,1700,314500,Normal,Normal
P0731,W03,Supplier 19,130,33,15,2291,297830,Normal,Normal
P0732,W03,Supplier 13,317,55,8,2605,825785,Normal,Normal
P0733,W04,Supplier 3,473,53,11,864,408672,Normal,Outlier
P0734,W03,Supplier 4,495,81,19,1896,938520,Normal,Outlier
P0735,W02,Supplier 11,393,83,14,2422,951846,Normal,Normal
P0736,W03,Supplier 14,343,98,17,146,50078,Normal,Normal
P0737,W01,Supplier 16,308,39,2,2340,720720,Normal,Normal
P0738,W01,Supplier 15,337,93,7,129,43473,Normal,Normal
P0739,W03,Supplier 5,48,24,3,1195,57360,Normal,Normal
P0740,W04,Supplier 8,385,88,10,158,60830,Normal,Normal
P0741,W05,Supplier 12,491,39,3,969,475779,Normal,Outlier
P0742,W03,Supplier 14,390,65,9,1434,559260,Normal,Normal
P0743,W02,Supplier 5,197,65,13,1647,324459,Normal,Normal
P0744,W04,Supplier 4,210,74,16,2487,522270,Normal,Normal
P0745,W05,Supplier 19,431,66,15,926,399106,Normal,Normal
P0746,W02,Supplier 3,449,49,9,1768,793832,Normal,Normal
P0747,W04,Supplier 11,351,62,13,1245,436995,Normal,Normal
P0748,W04,Supplier 17,365,100,11,1184,432160,Normal,Normal
P0749,W03,Supplier 4,329,72,11,434,142786,Normal,Normal
P0750,W05,Supplier 14,486,33,11,1752,851472,Normal,Outlier
P0751,W05,Supplier 17,328,92,3,2036,667808,Normal,Normal
P0752,W02,Supplier 17,392,80,16,2181,854952,Normal,Normal
P0753,W01,Supplier 17,255,58,14,462,117810,Normal,Normal
P0754,W01,Supplier 3,38,61,3,2188,83144,Normal,Normal
P0755,W04,Supplier 20,174,54,12,2645,460230,Normal,Normal
P0756,W03,Supplier 17,33,31,16,1733,57189,Normal,Normal
P0757,W04,Supplier 8,328,20,6,1117,366376,Normal,Normal
P0758,W03,Supplier 7,6,53,2,2803,16818,Normal,Normal
P0759,W02,Supplier 14,430,47,2,386,165980,Normal,Normal
P0760,W02,Supplier 11,94,68,5,454,42676,Normal,Normal
P0761,W02,Supplier 12,286,85,16,1063,304018,Normal,Normal
P0762,W05,Supplier 11,247,76,7,2370,585390,Normal,Normal
P0763,W01,Supplier 1,241,52,6,2801,675041,Normal,Normal
P0764,W02,Supplier 8,131,31,12,2327,304837,Normal,Normal
P0765,W03,Supplier 1,252,81,5,2298,579096,Normal,Normal
P0766,W02,Supplier 14,105,20,4,791,83055,Normal,Normal
P0767,W03,Supplier 9,14,88,12,2641,36974,Normal,Normal
P0768,W05,Supplier 1,57,89,19,1590,90630,Normal,Normal
P0769,W05,Unknown Supplier,269,22,10,640,172160,Normal,Normal
P0770,W04,Supplier 15,255,70,7,706,180030,Normal,Normal
P0771,W05,Supplier 3,102,25,7,574,58548,Normal,Normal
P0772,W02,Supplier 13,47,89,17,1889,88783,Normal,Normal
P0773,W05,Supplier 6,408,99,19,124,50592,Normal,Normal
P0774,W04,Supplier 5,187,100,16,2690,503030,Normal,Normal
P0775,W05,Supplier 1,495,41,5,1259,623205,Normal,Outlier
P0776,W03,Supplier 16,70,78,5,1199,83930,Normal,Normal
P0777,W05,Supplier 10,344,95,3,154,52976,Normal,Normal
P0778,W04,Supplier 17,36,77,12,2546,91656,Normal,Normal
P0779,W01,Supplier 5,372,37,5,1537,571764,Normal,Normal
P0780,W05,Supplier 7,177,55,8,1824,322848,Normal,Normal
P0781,W02,Supplier 6,381,60,19,300,114300,Normal,Normal
P0782,W01,Supplier 3,491,56,3,2621,1286911,Normal,Outlier
P0783,W03,Supplier 20,246,30,12,1623,399258,Normal,Normal
P0784,W03,Supplier 20,487,92,3,239,116393,Normal,Outlier
P0785,W01,Supplier 20,484,31,17,799,386716,Normal,Outlier
P0786,W02,Supplier 20,60,97,9,1217,73020,Normal,Normal
P0787,W05,Supplier 3,287,86,15,1908,547596,Normal,Normal
P0788,W01,Supplier 18,385,61,12,685,263725,Normal,Normal
P0789,W01,Unknown Supplier,58,79,5,216,12528,Normal,Normal
P0790,W04,Supplier 6,369,84,19,1621,598149,Normal,Normal
P0791,W05,Supplier 13,319,24,19,639,203841,Normal,Normal
P0792,W05,Supplier 6,53,23,17,2067,109551,Normal,Normal
P0793,W01,Unknown Supplier,320,67,16,452,144640,Normal,Normal
P0794,W02,Supplier 6,353,95,6,2514,887442,Normal,Normal
P0795,W03,Supplier 3,157,83,18,2384,374288,Normal,Normal
P0796,W04,Supplier 6,80,47,5,2595,207600,Normal,Normal
P0797,W03,Supplier 12,45,23,7,1077,48465,Normal,Normal
P0798,W05,Supplier 6,359,28,12,1465,525935,Normal,Normal
P0799,W03,Supplier 17,457,40,4,2249,1027793,Normal,Outlier
P0800,W05,Supplier 17,318,94,5,417,132606,Normal,Normal
P0001,W02,Supplier 1,123,80,14,2362,290526,Normal,Normal
P0002,W03,Supplier 18,76,89,18,2150,163400,Normal,Normal
P0003,W02,Supplier 1,220,99,14,1063,233860,Normal,Normal
P0004,W01,Supplier 14,445,85,16,1607,715115,Normal,Normal
P0005,W03,Supplier 9,130,60,11,2163,281190,Normal,Normal
P0006,W04,Supplier 11,271,96,11,2503,678313,Normal,Normal
P0007,W01,Supplier 7,188,44,20,1503,282564,Normal,Normal
P0008,W02,Supplier 16,83,26,8,236,19588,Normal,Normal
P0009,W01,Supplier 11,492,88,14,2533,1246236,Normal,Outlier
P0010,W03,Supplier 15,181,43,7,173,31313,Normal,Normal
P0011,W05,Supplier 9,403,71,14,2285,920855,Normal,Normal
P0012,W03,Supplier 4,136,56,8,1833,249288,Normal,Normal
P0013,W02,Supplier 13,371,49,16,2345,869995,Normal,Normal
P0014,W05,Supplier 3,34,61,9,1140,38760,Normal,Normal
P0015,W02,Supplier 10,206,63,13,2922,601932,Normal,Normal
P0016,W03,Supplier 2,322,47,13,2695,867790,Normal,Normal
P0017,W03,Supplier 10,219,55,8,1441,315579,Normal,Normal
P0018,W02,Supplier 10,110,65,10,1322,145420,Normal,Normal
P0019,W01,Supplier 10,314,86,14,986,309604,Normal,Normal
P0020,W03,Supplier 9,114,30,19,1513,172482,Normal,Normal